-- phpMyAdmin SQL Dump
-- version 5.1.1
-- https://www.phpmyadmin.net/
--
-- Hôte : localhost:8889
-- Généré le : lun. 13 déc. 2021 à 13:11
-- Version du serveur : 5.7.34
-- Version de PHP : 8.0.8

SET SQL_MODE = "NO_AUTO_VALUE_ON_ZERO";
START TRANSACTION;
SET time_zone = "+00:00";


/*!40101 SET @OLD_CHARACTER_SET_CLIENT=@@CHARACTER_SET_CLIENT */;
/*!40101 SET @OLD_CHARACTER_SET_RESULTS=@@CHARACTER_SET_RESULTS */;
/*!40101 SET @OLD_COLLATION_CONNECTION=@@COLLATION_CONNECTION */;
/*!40101 SET NAMES utf8mb4 */;

--
-- Base de données : `blog`
--

-- --------------------------------------------------------

--
-- Structure de la table `articles`
--

CREATE TABLE `articles` (
  `id` int(11) NOT NULL,
  `article` text NOT NULL,
  `id_utilisateur` int(11) DEFAULT NULL,
  `id_categorie` int(11) DEFAULT NULL,
  `date` timestamp NOT NULL DEFAULT CURRENT_TIMESTAMP ON UPDATE CURRENT_TIMESTAMP
) ENGINE=InnoDB DEFAULT CHARSET=utf8mb4;

--
-- Déchargement des données de la table `articles`
--

INSERT INTO `articles` (`id`, `article`, `id_utilisateur`, `id_categorie`, `date`) VALUES
(1, 'les frites', 1, 1, '2021-12-03 08:29:12'),
(2, 'les pizzas', 2, 1, '2021-12-03 08:29:12'),
(4, 'les arancinis', NULL, 3, '2021-12-03 08:31:20'),
(5, 'boeuf stroganov', 2, 3, '2021-12-03 08:35:44'),
(6, 'Bo bun', 1, 1, '2021-12-03 08:35:44');

-- --------------------------------------------------------

--
-- Structure de la table `categories`
--

CREATE TABLE `categories` (
  `id` int(11) NOT NULL,
  `nom` text NOT NULL
) ENGINE=InnoDB DEFAULT CHARSET=utf8mb4;

--
-- Déchargement des données de la table `categories`
--

INSERT INTO `categories` (`id`, `nom`) VALUES
(1, 'Italie'),
(3, 'Russie');

-- --------------------------------------------------------

--
-- Structure de la table `commentaires`
--

CREATE TABLE `commentaires` (
  `id` int(11) NOT NULL,
  `commentaire` varchar(1024) NOT NULL,
  `id_article` int(11) DEFAULT NULL,
  `id_utilisateur` int(11) DEFAULT NULL,
  `date` timestamp NOT NULL DEFAULT CURRENT_TIMESTAMP ON UPDATE CURRENT_TIMESTAMP
) ENGINE=InnoDB DEFAULT CHARSET=utf8mb4;

--
-- Déchargement des données de la table `commentaires`
--

INSERT INTO `commentaires` (`id`, `commentaire`, `id_article`, `id_utilisateur`, `date`) VALUES
(1, 'wsh', 1, 1, '2021-12-03 12:55:11'),
(2, 'yo', 2, 1, '2021-12-03 12:55:11');

-- --------------------------------------------------------

--
-- Structure de la table `droits`
--

CREATE TABLE `droits` (
  `id` int(11) NOT NULL,
  `nom` varchar(80) NOT NULL
) ENGINE=InnoDB DEFAULT CHARSET=utf8mb4;

--
-- Déchargement des données de la table `droits`
--

INSERT INTO `droits` (`id`, `nom`) VALUES
(1, 'utilisateur'),
(42, 'modérateur'),
(1337, 'administrateur');

-- --------------------------------------------------------

--
-- Structure de la table `utilisateurs`
--

CREATE TABLE `utilisateurs` (
  `id` int(11) NOT NULL,
  `login` varchar(255) NOT NULL,
  `password` varchar(255) NOT NULL,
  `email` varchar(255) NOT NULL,
  `id_droits` int(11) NOT NULL
) ENGINE=InnoDB DEFAULT CHARSET=utf8mb4;

--
-- Déchargement des données de la table `utilisateurs`
--

INSERT INTO `utilisateurs` (`id`, `login`, `password`, `email`, `id_droits`) VALUES
(1, 'lolo', 'lolo', 'lolo.leveau@wanadoo.fr', 1),
(2, 'bobo', 'bobo', 'bobo.lafripouille@aol.fr', 1);

--
-- Index pour les tables déchargées
--

--
-- Index pour la table `articles`
--
ALTER TABLE `articles`
  ADD PRIMARY KEY (`id`),
  ADD KEY `id user` (`id_utilisateur`),
  ADD KEY `id cat` (`id_categorie`);

--
-- Index pour la table `categories`
--
ALTER TABLE `categories`
  ADD PRIMARY KEY (`id`);

--
-- Index pour la table `commentaires`
--
ALTER TABLE `commentaires`
  ADD PRIMARY KEY (`id`),
  ADD KEY `id_article` (`id_article`),
  ADD KEY `relationuser` (`id_utilisateur`);

--
-- Index pour la table `droits`
--
ALTER TABLE `droits`
  ADD PRIMARY KEY (`id`);

--
-- Index pour la table `utilisateurs`
--
ALTER TABLE `utilisateurs`
  ADD PRIMARY KEY (`id`);

--
-- AUTO_INCREMENT pour les tables déchargées
--

--
-- AUTO_INCREMENT pour la table `articles`
--
ALTER TABLE `articles`
  MODIFY `id` int(11) NOT NULL AUTO_INCREMENT, AUTO_INCREMENT=7;

--
-- AUTO_INCREMENT pour la table `categories`
--
ALTER TABLE `categories`
  MODIFY `id` int(11) NOT NULL AUTO_INCREMENT, AUTO_INCREMENT=4;

--
-- AUTO_INCREMENT pour la table `commentaires`
--
ALTER TABLE `commentaires`
  MODIFY `id` int(11) NOT NULL AUTO_INCREMENT, AUTO_INCREMENT=4;

--
-- AUTO_INCREMENT pour la table `utilisateurs`
--
ALTER TABLE `utilisateurs`
  MODIFY `id` int(11) NOT NULL AUTO_INCREMENT, AUTO_INCREMENT=4;

--
-- Contraintes pour les tables déchargées
--

--
-- Contraintes pour la table `articles`
--
ALTER TABLE `articles`
  ADD CONSTRAINT `id cat` FOREIGN KEY (`id_categorie`) REFERENCES `categories` (`id`) ON DELETE SET NULL,
  ADD CONSTRAINT `id user` FOREIGN KEY (`id_utilisateur`) REFERENCES `utilisateurs` (`id`) ON DELETE SET NULL;

--
-- Contraintes pour la table `commentaires`
--
ALTER TABLE `commentaires`
  ADD CONSTRAINT `commentaires_ibfk_1` FOREIGN KEY (`id_article`) REFERENCES `articles` (`id`) ON DELETE CASCADE,
  ADD CONSTRAINT `relationuser` FOREIGN KEY (`id_utilisateur`) REFERENCES `utilisateurs` (`id`) ON DELETE SET NULL;
COMMIT;

/*!40101 SET CHARACTER_SET_CLIENT=@OLD_CHARACTER_SET_CLIENT */;
/*!40101 SET CHARACTER_SET_RESULTS=@OLD_CHARACTER_SET_RESULTS */;
/*!40101 SET COLLATION_CONNECTION=@OLD_COLLATION_CONNECTION */;
